"Notes","County","County Code","2023 Urbanization","2023 Urbanization Code","Year","Year Code",Deaths,Population,Crude Rate,Crude Rate Lower 95% Confidence Interval,Crude Rate Upper 95% Confidence Interval
,"Jefferson County, AL","01073","Large Fringe Metro","2","2018","2018",10,659300,1.5,0.7,2.8
,"Anchorage Borough, AK","02020","Medium Metro","3","2021","2021",10,288121,3.5,1.7,6.4
,"Maricopa County, AZ","04013","Large Central Metro","1","2018","2018",42,4410824,1.0,0.7,1.3
,"Maricopa County, AZ","04013","Large Central Metro","1","2019","2019",49,4485414,1.1,0.8,1.4
,"Maricopa County, AZ","04013","Large Central Metro","1","2020","2020",51,4579081,1.1,0.8,1.5
,"Maricopa County, AZ","04013","Large Central Metro","1","2021","2021",45,4496588,1.0,0.7,1.3
,"Maricopa County, AZ","04013","Large Central Metro","1","2022","2022",44,Not Available,Not Available,Not Available,Not Available
,"Maricopa County, AZ","04013","Large Central Metro","1","2023","2023",44,Not Available,Not Available,Not Available,Not Available
,"Maricopa County, AZ","04013","Large Central Metro","1","2024 ","2024",55,Not Available,Not Available,Not Available,Not Available
,"Pima County, AZ","04019","Large Central Metro","1","2018","2018",16,1039073,1.5,0.9,2.5
,"Pima County, AZ","04019","Large Central Metro","1","2019","2019",17,1047279,1.6,0.9,2.6
,"Pima County, AZ","04019","Large Central Metro","1","2020","2020",15,1061175,1.4,0.8,2.3
,"Pima County, AZ","04019","Large Central Metro","1","2021","2021",22,1052030,2.1,1.3,3.2
,"Pima County, AZ","04019","Large Central Metro","1","2022","2022",24,Not Available,Not Available,Not Available,Not Available
,"Pima County, AZ","04019","Large Central Metro","1","2023","2023",24,Not Available,Not Available,Not Available,Not Available
,"Pima County, AZ","04019","Large Central Metro","1","2024 ","2024",35,Not Available,Not Available,Not Available,Not Available
,"Alameda County, CA","06001","Large Central Metro","1","2018","2018",10,1666753,0.6,0.3,1.1
,"Alameda County, CA","06001","Large Central Metro","1","2021","2021",15,1648556,0.9,0.5,1.5
,"Alameda County, CA","06001","Large Central Metro","1","2022","2022",11,Not Available,Not Available,Not Available,Not Available
,"Alameda County, CA","06001","Large Central Metro","1","2023","2023",11,Not Available,Not Available,Not Available,Not Available
,"Alameda County, CA","06001","Large Central Metro","1","2024 ","2024",17,Not Available,Not Available,Not Available,Not Available
,"Contra Costa County, CA","06013","Large Fringe Metro","2","2018","2018",12,1150215,1.0,0.5,1.8
,"Fresno County, CA","06019","Large Central Metro","1","2018","2018",10,994400,1.0,0.5,1.8
,"Fresno County, CA","06019","Large Central Metro","1","2022","2022",12,Not Available,Not Available,Not Available,Not Available
,"Fresno County, CA","06019","Large Central Metro","1","2023","2023",15,Not Available,Not Available,Not Available,Not Available
,"Fresno County, CA","06019","Large Central Metro","1","2024 ","2024",15,Not Available,Not Available,Not Available,Not Available
,"Kern County, CA","06029","Medium Metro","3","2018","2018",11,896764,1.2,0.6,2.2
,"Kern County, CA","06029","Medium Metro","3","2019","2019",12,900202,1.3,0.7,2.3
,"Kern County, CA","06029","Medium Metro","3","2020","2020",22,901362,2.4,1.5,3.7
,"Kern County, CA","06029","Medium Metro","3","2021","2021",14,917673,1.5,0.8,2.6
,"Kern County, CA","06029","Medium Metro","3","2022","2022",15,Not Available,Not Available,Not Available,Not Available
,"Kern County, CA","06029","Medium Metro","3","2023","2023",10,Not Available,Not Available,Not Available,Not Available
,"Los Angeles County, CA","06037","Large Central Metro","1","2018","2018",36,10105518,0.4,0.2,0.5
,"Los Angeles County, CA","06037","Large Central Metro","1","2019","2019",30,10039107,0.3,0.2,0.4
,"Los Angeles County, CA","06037","Large Central Metro","1","2020","2020",44,9943046,0.4,0.3,0.6
,"Los Angeles County, CA","06037","Large Central Metro","1","2021","2021",23,9829544,0.2,0.1,0.4
,"Los Angeles County, CA","06037","Large Central Metro","1","2022","2022",16,Not Available,Not Available,Not Available,Not Available
,"Los Angeles County, CA","06037","Large Central Metro","1","2023","2023",20,Not Available,Not Available,Not Available,Not Available
,"Orange County, CA","06059","Large Central Metro","1","2018","2018",16,3185968,0.5,0.3,0.8
,"Orange County, CA","06059","Large Central Metro","1","2019","2019",15,3175692,0.5,0.3,0.8
,"Orange County, CA","06059","Large Central Metro","1","2020","2020",25,3166857,0.8,0.5,1.2
,"Orange County, CA","06059","Large Central Metro","1","2021","2021",27,3167809,0.9,0.6,1.2
,"Orange County, CA","06059","Large Central Metro","1","2022","2022",15,Not Available,Not Available,Not Available,Not Available
,"Orange County, CA","06059","Large Central Metro","1","2023","2023",15,Not Available,Not Available,Not Available,Not Available
,"Orange County, CA","06059","Large Central Metro","1","2024 ","2024",18,Not Available,Not Available,Not Available,Not Available
,"Riverside County, CA","06065","Large Central Metro","1","2020","2020",10,2489188,0.4,0.2,0.7
,"Riverside County, CA","06065","Large Central Metro","1","2022","2022",10,Not Available,Not Available,Not Available,Not Available
,"Riverside County, CA","06065","Large Central Metro","1","2024 ","2024",11,Not Available,Not Available,Not Available,Not Available
,"Sacramento County, CA","06067","Large Central Metro","1","2019","2019",17,1552058,1.1,0.6,1.8
,"Sacramento County, CA","06067","Large Central Metro","1","2020","2020",12,1559146,0.8,0.4,1.3
,"Sacramento County, CA","06067","Large Central Metro","1","2021","2021",16,1588921,1.0,0.6,1.6
,"Sacramento County, CA","06067","Large Central Metro","1","2022","2022",21,Not Available,Not Available,Not Available,Not Available
,"Sacramento County, CA","06067","Large Central Metro","1","2023","2023",14,Not Available,Not Available,Not Available,Not Available
,"Sacramento County, CA","06067","Large Central Metro","1","2024 ","2024",17,Not Available,Not Available,Not Available,Not Available
,"San Diego County, CA","06073","Large Central Metro","1","2018","2018",23,3343364,0.7,0.4,1.0
,"San Diego County, CA","06073","Large Central Metro","1","2019","2019",13,3338330,0.4,0.2,0.7
,"San Diego County, CA","06073","Large Central Metro","1","2020","2020",26,3332427,0.8,0.5,1.1
,"San Diego County, CA","06073","Large Central Metro","1","2021","2021",29,3286069,0.9,0.6,1.3
,"San Diego County, CA","06073","Large Central Metro","1","2022","2022",18,Not Available,Not Available,Not Available,Not Available
,"San Diego County, CA","06073","Large Central Metro","1","2023","2023",14,Not Available,Not Available,Not Available,Not Available
,"San Diego County, CA","06073","Large Central Metro","1","2024 ","2024",17,Not Available,Not Available,Not Available,Not Available
,"San Francisco County, CA","06075","Large Central Metro","1","2018","2018",24,883305,2.7,1.7,4.0
,"San Francisco County, CA","06075","Large Central Metro","1","2019","2019",24,881549,2.7,1.7,4.1
,"San Francisco County, CA","06075","Large Central Metro","1","2020","2020",27,866606,3.1,2.1,4.5
,"San Francisco County, CA","06075","Large Central Metro","1","2021","2021",23,815201,2.8,1.8,4.2
,"San Francisco County, CA","06075","Large Central Metro","1","2022","2022",28,Not Available,Not Available,Not Available,Not Available
,"San Francisco County, CA","06075","Large Central Metro","1","2023","2023",22,Not Available,Not Available,Not Available,Not Available
,"San Francisco County, CA","06075","Large Central Metro","1","2024 ","2024",15,Not Available,Not Available,Not Available,Not Available
,"San Joaquin County, CA","06077","Medium Metro","3","2018","2018",10,752660,1.3,0.6,2.4
,"San Joaquin County, CA","06077","Medium Metro","3","2023","2023",10,Not Available,Not Available,Not Available,Not Available
,"Ventura County, CA","06111","Medium Metro","3","2018","2018",11,850967,1.3,0.6,2.3
,"Ventura County, CA","06111","Medium Metro","3","2023","2023",11,Not Available,Not Available,Not Available,Not Available
,"Denver County, CO","08031","Large Central Metro","1","2018","2018",11,716492,1.5,0.8,2.7
,"Denver County, CO","08031","Large Central Metro","1","2020","2020",19,735538,2.6,1.6,4.0
,"Denver County, CO","08031","Large Central Metro","1","2021","2021",16,711463,2.2,1.3,3.7
,"Denver County, CO","08031","Large Central Metro","1","2022","2022",15,Not Available,Not Available,Not Available,Not Available
,"Denver County, CO","08031","Large Central Metro","1","2024 ","2024",21,Not Available,Not Available,Not Available,Not Available
,"El Paso County, CO","08041","Medium Metro","3","2020","2020",12,728310,1.6,0.9,2.9
,"El Paso County, CO","08041","Medium Metro","3","2022","2022",13,Not Available,Not Available,Not Available,Not Available
,"El Paso County, CO","08041","Medium Metro","3","2023","2023",13,Not Available,Not Available,Not Available,Not Available
,"El Paso County, CO","08041","Medium Metro","3","2024 ","2024",17,Not Available,Not Available,Not Available,Not Available
,"Jefferson County, CO","08059","Large Fringe Metro","2","2018","2018",12,580233,2.1,1.1,3.6
,"Fairfield County, CT","09001","Not Available","9","2018","2018",24,943823,2.5,1.6,3.8
,"Fairfield County, CT","09001","Not Available","9","2019","2019",19,943332,2.0,1.2,3.1
,"Fairfield County, CT","09001","Not Available","9","2020","2020",24,942426,2.5,1.6,3.8
,"Fairfield County, CT","09001","Not Available","9","2021","2021",29,959768,3.0,2.0,4.3
,"Fairfield County, CT","09001","Not Available","9","2022","2022",24,Not Available,Not Available,Not Available,Not Available
,"Fairfield County, CT","09001","Not Available","9","2023","2023",37,Not Available,Not Available,Not Available,Not Available
,"Fairfield County, CT","09001","Not Available","9","2024 ","2024",23,Not Available,Not Available,Not Available,Not Available
,"Hartford County, CT","09003","Not Available","9","2018","2018",15,892697,1.7,0.9,2.8
,"Hartford County, CT","09003","Not Available","9","2020","2020",23,889226,2.6,1.6,3.9
,"Hartford County, CT","09003","Not Available","9","2021","2021",24,896854,2.7,1.7,4.0
,"Hartford County, CT","09003","Not Available","9","2022","2022",31,Not Available,Not Available,Not Available,Not Available
,"Hartford County, CT","09003","Not Available","9","2023","2023",30,Not Available,Not Available,Not Available,Not Available
,"Hartford County, CT","09003","Not Available","9","2024 ","2024",30,Not Available,Not Available,Not Available,Not Available
,"New Haven County, CT","09009","Not Available","9","2018","2018",21,857620,2.4,1.5,3.7
,"New Haven County, CT","09009","Not Available","9","2019","2019",39,854757,4.6,3.2,6.2
,"New Haven County, CT","09009","Not Available","9","2020","2020",34,851948,4.0,2.8,5.6
,"New Haven County, CT","09009","Not Available","9","2021","2021",44,863700,5.1,3.7,6.8
,"New Haven County, CT","09009","Not Available","9","2022","2022",51,Not Available,Not Available,Not Available,Not Available
,"New Haven County, CT","09009","Not Available","9","2023","2023",41,Not Available,Not Available,Not Available,Not Available
,"New Haven County, CT","09009","Not Available","9","2024 ","2024",45,Not Available,Not Available,Not Available,Not Available
,"New London County, CT","09011","Not Available","9","2020","2020",13,264999,4.9,2.6,8.4
,"New Castle County, DE","10003","Large Fringe Metro","2","2018","2018",12,559335,2.1,1.1,3.7
,"New Castle County, DE","10003","Large Fringe Metro","2","2019","2019",17,558753,3.0,1.8,4.9
,"New Castle County, DE","10003","Large Fringe Metro","2","2020","2020",20,561531,3.6,2.2,5.5
,"New Castle County, DE","10003","Large Fringe Metro","2","2021","2021",29,571708,5.1,3.4,7.3
,"New Castle County, DE","10003","Large Fringe Metro","2","2022","2022",14,Not Available,Not Available,Not Available,Not Available
,"New Castle County, DE","10003","Large Fringe Metro","2","2023","2023",28,Not Available,Not Available,Not Available,Not Available
,"New Castle County, DE","10003","Large Fringe Metro","2","2024 ","2024",21,Not Available,Not Available,Not Available,Not Available
,"Sussex County, DE","10005","Micropolitan (Nonmetro)","5","2020","2020",11,241635,4.6,2.3,8.1
,"Sussex County, DE","10005","Micropolitan (Nonmetro)","5","2022","2022",14,Not Available,Not Available,Not Available,Not Available
,"District of Columbia, DC","11001","Large Central Metro","1","2018","2018",10,702455,1.4,0.7,2.6
,"District of Columbia, DC","11001","Large Central Metro","1","2019","2019",15,705749,2.1,1.2,3.5
,"District of Columbia, DC","11001","Large Central Metro","1","2020","2020",30,712816,4.2,2.8,6.0
,"District of Columbia, DC","11001","Large Central Metro","1","2021","2021",22,670050,3.3,2.1,5.0
,"District of Columbia, DC","11001","Large Central Metro","1","2022","2022",21,Not Available,Not Available,Not Available,Not Available
,"District of Columbia, DC","11001","Large Central Metro","1","2023","2023",14,Not Available,Not Available,Not Available,Not Available
,"District of Columbia, DC","11001","Large Central Metro","1","2024 ","2024",16,Not Available,Not Available,Not Available,Not Available
,"Brevard County, FL","12009","Medium Metro","3","2018","2018",14,596849,2.3,1.3,3.9
,"Broward County, FL","12011","Large Fringe Metro","2","2020","2020",11,1958105,0.6,0.3,1.0
,"Broward County, FL","12011","Large Fringe Metro","2","2022","2022",10,Not Available,Not Available,Not Available,Not Available
,"Duval County, FL","12031","Large Central Metro","1","2018","2018",13,950181,1.4,0.7,2.3
,"Duval County, FL","12031","Large Central Metro","1","2019","2019",14,957755,1.5,0.8,2.5
,"Duval County, FL","12031","Large Central Metro","1","2020","2020",23,966728,2.4,1.5,3.6
,"Duval County, FL","12031","Large Central Metro","1","2021","2021",19,999935,1.9,1.1,3.0
,"Duval County, FL","12031","Large Central Metro","1","2022","2022",18,Not Available,Not Available,Not Available,Not Available
,"Duval County, FL","12031","Large Central Metro","1","2023","2023",13,Not Available,Not Available,Not Available,Not Available
,"Duval County, FL","12031","Large Central Metro","1","2024 ","2024",15,Not Available,Not Available,Not Available,Not Available
,"Hillsborough County, FL","12057","Large Central Metro","1","2018","2018",16,1436888,1.1,0.6,1.8
,"Hillsborough County, FL","12057","Large Central Metro","1","2019","2019",12,1471968,0.8,0.4,1.4
,"Hillsborough County, FL","12057","Large Central Metro","1","2020","2020",13,1497957,0.9,0.5,1.5
,"Hillsborough County, FL","12057","Large Central Metro","1","2021","2021",18,1478194,1.2,0.7,1.9
,"Hillsborough County, FL","12057","Large Central Metro","1","2022","2022",15,Not Available,Not Available,Not Available,Not Available
,"Hillsborough County, FL","12057","Large Central Metro","1","2023","2023",16,Not Available,Not Available,Not Available,Not Available
,"Hillsborough County, FL","12057","Large Central Metro","1","2024 ","2024",12,Not Available,Not Available,Not Available,Not Available
,"Orange County, FL","12095","Large Central Metro","1","2018","2018",12,1380645,0.9,0.4,1.5
,"Orange County, FL","12095","Large Central Metro","1","2022","2022",10,Not Available,Not Available,Not Available,Not Available
,"Orange County, FL","12095","Large Central Metro","1","2023","2023",13,Not Available,Not Available,Not Available,Not Available
,"Palm Beach County, FL","12099","Large Fringe Metro","2","2020","2020",12,1507600,0.8,0.4,1.4
,"Palm Beach County, FL","12099","Large Fringe Metro","2","2021","2021",14,1497987,0.9,0.5,1.6
,"Palm Beach County, FL","12099","Large Fringe Metro","2","2022","2022",12,Not Available,Not Available,Not Available,Not Available
,"Pinellas County, FL","12103","Large Central Metro","1","2018","2018",14,975280,1.4,0.8,2.4
,"Volusia County, FL","12127","Medium Metro","3","2021","2021",10,564412,1.8,0.8,3.3
,"Volusia County, FL","12127","Medium Metro","3","2024 ","2024",10,Not Available,Not Available,Not Available,Not Available
,"Cobb County, GA","13067","Large Fringe Metro","2","2021","2021",10,766802,1.3,0.6,2.4
,"Fulton County, GA","13121","Large Central Metro","1","2022","2022",10,Not Available,Not Available,Not Available,Not Available
,"Cook County, IL","17031","Large Central Metro","1","2018","2018",79,5180493,1.5,1.2,1.9
,"Cook County, IL","17031","Large Central Metro","1","2019","2019",91,5150233,1.8,1.4,2.2
,"Cook County, IL","17031","Large Central Metro","1","2020","2020",157,5108284,3.1,2.6,3.6
,"Cook County, IL","17031","Large Central Metro","1","2021","2021",111,5173146,2.1,1.7,2.5
,"Cook County, IL","17031","Large Central Metro","1","2022","2022",106,Not Available,Not Available,Not Available,Not Available
,"Cook County, IL","17031","Large Central Metro","1","2023","2023",99,Not Available,Not Available,Not Available,Not Available
,"Cook County, IL","17031","Large Central Metro","1","2024 ","2024",82,Not Available,Not Available,Not Available,Not Available
,"Lake County, IN","18089","Large Fringe Metro","2","2018","2018",10,484411,2.1,1.0,3.8
,"Lake County, IN","18089","Large Fringe Metro","2","2019","2019",15,485493,3.1,1.7,5.1
,"Marion County, IN","18097","Large Central Metro","1","2020","2020",11,966183,1.1,0.6,2.0
,"Marion County, IN","18097","Large Central Metro","1","2021","2021",13,971102,1.3,0.7,2.3
,"Marion County, IN","18097","Large Central Metro","1","2022","2022",15,Not Available,Not Available,Not Available,Not Available
,"Marion County, IN","18097","Large Central Metro","1","2023","2023",12,Not Available,Not Available,Not Available,Not Available
,"Marion County, IN","18097","Large Central Metro","1","2024 ","2024",17,Not Available,Not Available,Not Available,Not Available
,"Sedgwick County, KS","20173","Medium Metro","3","2019","2019",11,516042,2.1,1.1,3.8
,"Sedgwick County, KS","20173","Medium Metro","3","2023","2023",10,Not Available,Not Available,Not Available,Not Available
,"Jefferson County, KY","21111","Large Central Metro","1","2023","2023",10,Not Available,Not Available,Not Available,Not Available
,"Jefferson Parish, LA","22051","Medium Metro","3","2021","2021",11,433688,2.5,1.3,4.5
,"Anne Arundel County, MD","24003","Large Fringe Metro","2","2018","2018",11,576031,1.9,1.0,3.4
,"Anne Arundel County, MD","24003","Large Fringe Metro","2","2019","2019",14,579234,2.4,1.3,4.1
,"Anne Arundel County, MD","24003","Large Fringe Metro","2","2020","2020",16,582777,2.7,1.6,4.5
,"Anne Arundel County, MD","24003","Large Fringe Metro","2","2021","2021",25,590336,4.2,2.7,6.3
,"Anne Arundel County, MD","24003","Large Fringe Metro","2","2022","2022",17,Not Available,Not Available,Not Available,Not Available
,"Anne Arundel County, MD","24003","Large Fringe Metro","2","2023","2023",16,Not Available,Not Available,Not Available,Not Available
,"Anne Arundel County, MD","24003","Large Fringe Metro","2","2024 ","2024",19,Not Available,Not Available,Not Available,Not Available
,"Baltimore County, MD","24005","Large Fringe Metro","2","2018","2018",42,828431,5.1,3.7,6.9
,"Baltimore County, MD","24005","Large Fringe Metro","2","2019","2019",39,827370,4.7,3.4,6.4
,"Baltimore County, MD","24005","Large Fringe Metro","2","2020","2020",48,826017,5.8,4.3,7.7
,"Baltimore County, MD","24005","Large Fringe Metro","2","2021","2021",47,849316,5.5,4.1,7.4
,"Baltimore County, MD","24005","Large Fringe Metro","2","2022","2022",33,Not Available,Not Available,Not Available,Not Available
,"Baltimore County, MD","24005","Large Fringe Metro","2","2023","2023",31,Not Available,Not Available,Not Available,Not Available
,"Baltimore County, MD","24005","Large Fringe Metro","2","2024 ","2024",34,Not Available,Not Available,Not Available,Not Available
,"Carroll County, MD","24013","Large Fringe Metro","2","2021","2021",12,173873,6.9,3.6,12.1
,"Cecil County, MD","24015","Large Fringe Metro","2","2022","2022",11,Not Available,Not Available,Not Available,Not Available
,"Harford County, MD","24025","Large Fringe Metro","2","2018","2018",13,253956,5.1,2.7,8.8
,"Harford County, MD","24025","Large Fringe Metro","2","2019","2019",10,255441,3.9,1.9,7.2
,"Harford County, MD","24025","Large Fringe Metro","2","2020","2020",15,256805,5.8,3.3,9.6
,"Harford County, MD","24025","Large Fringe Metro","2","2021","2021",13,262977,4.9,2.6,8.5
,"Harford County, MD","24025","Large Fringe Metro","2","2022","2022",18,Not Available,Not Available,Not Available,Not Available
,"Harford County, MD","24025","Large Fringe Metro","2","2023","2023",15,Not Available,Not Available,Not Available,Not Available
,"Washington County, MD","24043","Medium Metro","3","2020","2020",10,151146,6.6,3.2,12.2
,"Washington County, MD","24043","Medium Metro","3","2024 ","2024",13,Not Available,Not Available,Not Available,Not Available
,"Baltimore city, MD","24510","Large Central Metro","1","2018","2018",73,602495,12.1,9.5,15.2
,"Baltimore city, MD","24510","Large Central Metro","1","2019","2019",75,593490,12.6,9.9,15.8
,"Baltimore city, MD","24510","Large Central Metro","1","2020","2020",111,586131,18.9,15.4,22.5
,"Baltimore city, MD","24510","Large Central Metro","1","2021","2021",123,576498,21.3,17.6,25.1
,"Baltimore city, MD","24510","Large Central Metro","1","2022","2022",95,Not Available,Not Available,Not Available,Not Available
,"Baltimore city, MD","24510","Large Central Metro","1","2023","2023",82,Not Available,Not Available,Not Available,Not Available
,"Baltimore city, MD","24510","Large Central Metro","1","2024 ","2024",104,Not Available,Not Available,Not Available,Not Available
,"Bristol County, MA","25005","Large Fringe Metro","2","2018","2018",11,564022,2.0,1.0,3.5
,"Bristol County, MA","25005","Large Fringe Metro","2","2019","2019",11,565217,1.9,1.0,3.5
,"Bristol County, MA","25005","Large Fringe Metro","2","2021","2021",23,580164,4.0,2.5,5.9
,"Bristol County, MA","25005","Large Fringe Metro","2","2022","2022",17,Not Available,Not Available,Not Available,Not Available
,"Bristol County, MA","25005","Large Fringe Metro","2","2023","2023",26,Not Available,Not Available,Not Available,Not Available
,"Bristol County, MA","25005","Large Fringe Metro","2","2024 ","2024",20,Not Available,Not Available,Not Available,Not Available
,"Essex County, MA","25009","Large Fringe Metro","2","2018","2018",11,790638,1.4,0.7,2.5
,"Essex County, MA","25009","Large Fringe Metro","2","2020","2020",21,791263,2.7,1.6,4.1
,"Essex County, MA","25009","Large Fringe Metro","2","2021","2021",18,807074,2.2,1.3,3.5
,"Essex County, MA","25009","Large Fringe Metro","2","2022","2022",10,Not Available,Not Available,Not Available,Not Available
,"Essex County, MA","25009","Large Fringe Metro","2","2023","2023",16,Not Available,Not Available,Not Available,Not Available
,"Essex County, MA","25009","Large Fringe Metro","2","2024 ","2024",19,Not Available,Not Available,Not Available,Not Available
,"Hampden County, MA","25013","Medium Metro","3","2022","2022",15,Not Available,Not Available,Not Available,Not Available
,"Hampden County, MA","25013","Medium Metro","3","2023","2023",14,Not Available,Not Available,Not Available,Not Available
,"Hampden County, MA","25013","Medium Metro","3","2024 ","2024",15,Not Available,Not Available,Not Available,Not Available
,"Middlesex County, MA","25017","Large Fringe Metro","2","2018","2018",13,1614714,0.8,0.4,1.4
,"Middlesex County, MA","25017","Large Fringe Metro","2","2019","2019",10,1611699,0.6,0.3,1.1
,"Middlesex County, MA","25017","Large Fringe Metro","2","2020","2020",14,1609379,0.9,0.5,1.5
,"Middlesex County, MA","25017","Large Fringe Metro","2","2021","2021",24,1614742,1.5,1.0,2.2
,"Middlesex County, MA","25017","Large Fringe Metro","2","2022","2022",28,Not Available,Not Available,Not Available,Not Available
,"Middlesex County, MA","25017","Large Fringe Metro","2","2023","2023",19,Not Available,Not Available,Not Available,Not Available
,"Middlesex County, MA","25017","Large Fringe Metro","2","2024 ","2024",21,Not Available,Not Available,Not Available,Not Available
,"Norfolk County, MA","25021","Large Fringe Metro","2","2023","2023",17,Not Available,Not Available,Not Available,Not Available
,"Plymouth County, MA","25023","Large Fringe Metro","2","2022","2022",14,Not Available,Not Available,Not Available,Not Available
,"Plymouth County, MA","25023","Large Fringe Metro","2","2023","2023",12,Not Available,Not Available,Not Available,Not Available
,"Suffolk County, MA","25025","Large Central Metro","1","2018","2018",15,807252,1.9,1.0,3.1
,"Suffolk County, MA","25025","Large Central Metro","1","2020","2020",20,801582,2.5,1.5,3.9
,"Suffolk County, MA","25025","Large Central Metro","1","2022","2022",22,Not Available,Not Available,Not Available,Not Available
,"Suffolk County, MA","25025","Large Central Metro","1","2023","2023",22,Not Available,Not Available,Not Available,Not Available
,"Suffolk County, MA","25025","Large Central Metro","1","2024 ","2024",21,Not Available,Not Available,Not Available,Not Available
,"Worcester County, MA","25027","Medium Metro","3","2018","2018",11,830839,1.3,0.7,2.4
,"Worcester County, MA","25027","Medium Metro","3","2020","2020",10,829212,1.2,0.6,2.2
,"Worcester County, MA","25027","Medium Metro","3","2021","2021",11,862029,1.3,0.6,2.3
,"Worcester County, MA","25027","Medium Metro","3","2022","2022",16,Not Available,Not Available,Not Available,Not Available
,"Worcester County, MA","25027","Medium Metro","3","2023","2023",19,Not Available,Not Available,Not Available,Not Available
,"Worcester County, MA","25027","Medium Metro","3","2024 ","2024",12,Not Available,Not Available,Not Available,Not Available
,"Genesee County, MI","26049","Medium Metro","3","2018","2018",11,406892,2.7,1.3,4.8
,"Genesee County, MI","26049","Medium Metro","3","2020","2020",13,404794,3.2,1.7,5.5
,"Genesee County, MI","26049","Medium Metro","3","2024 ","2024",10,Not Available,Not Available,Not Available,Not Available
,"Ingham County, MI","26065","Medium Metro","3","2019","2019",10,292406,3.4,1.6,6.3
,"Kent County, MI","26081","Large Central Metro","1","2018","2018",11,653786,1.7,0.8,3.0
,"Macomb County, MI","26099","Large Fringe Metro","2","2018","2018",13,874759,1.5,0.8,2.5
,"Macomb County, MI","26099","Large Fringe Metro","2","2020","2020",13,870791,1.5,0.8,2.6
,"Macomb County, MI","26099","Large Fringe Metro","2","2021","2021",16,876792,1.8,1.0,3.0
,"Macomb County, MI","26099","Large Fringe Metro","2","2023","2023",10,Not Available,Not Available,Not Available,Not Available
,"Oakland County, MI","26125","Large Fringe Metro","2","2021","2021",12,1270017,0.9,0.5,1.7
,"Wayne County, MI","26163","Large Central Metro","1","2018","2018",33,1753893,1.9,1.3,2.6
,"Wayne County, MI","26163","Large Central Metro","1","2019","2019",25,1749343,1.4,0.9,2.1
,"Wayne County, MI","26163","Large Central Metro","1","2020","2020",18,1740623,1.0,0.6,1.6
,"Wayne County, MI","26163","Large Central Metro","1","2021","2021",30,1774816,1.7,1.1,2.4
,"Wayne County, MI","26163","Large Central Metro","1","2022","2022",15,Not Available,Not Available,Not Available,Not Available
,"Wayne County, MI","26163","Large Central Metro","1","2023","2023",13,Not Available,Not Available,Not Available,Not Available
,"Wayne County, MI","26163","Large Central Metro","1","2024 ","2024",10,Not Available,Not Available,Not Available,Not Available
,"Hennepin County, MN","27053","Large Central Metro","1","2018","2018",19,1259428,1.5,0.9,2.4
,"Hennepin County, MN","27053","Large Central Metro","1","2019","2019",21,1265843,1.7,1.0,2.5
,"Hennepin County, MN","27053","Large Central Metro","1","2020","2020",30,1268408,2.4,1.6,3.4
,"Hennepin County, MN","27053","Large Central Metro","1","2021","2021",21,1267416,1.7,1.0,2.5
,"Hennepin County, MN","27053","Large Central Metro","1","2022","2022",21,Not Available,Not Available,Not Available,Not Available
,"Hennepin County, MN","27053","Large Central Metro","1","2023","2023",16,Not Available,Not Available,Not Available,Not Available
,"Hennepin County, MN","27053","Large Central Metro","1","2024 ","2024",20,Not Available,Not Available,Not Available,Not Available
,"Clark County, NV","32003","Large Central Metro","1","2018","2018",24,2231647,1.1,0.7,1.6
,"Clark County, NV","32003","Large Central Metro","1","2019","2019",20,2266715,0.9,0.5,1.4
,"Clark County, NV","32003","Large Central Metro","1","2020","2020",17,2315963,0.7,0.4,1.2
,"Clark County, NV","32003","Large Central Metro","1","2021","2021",11,2292476,0.5,0.2,0.9
,"Clark County, NV","32003","Large Central Metro","1","2022","2022",14,Not Available,Not Available,Not Available,Not Available
,"Clark County, NV","32003","Large Central Metro","1","2023","2023",25,Not Available,Not Available,Not Available,Not Available
,"Clark County, NV","32003","Large Central Metro","1","2024 ","2024",20,Not Available,Not Available,Not Available,Not Available
,"Washoe County, NV","32031","Medium Metro","3","2021","2021",10,493392,2.0,1.0,3.7
,"Washoe County, NV","32031","Medium Metro","3","2024 ","2024",10,Not Available,Not Available,Not Available,Not Available
,"Atlantic County, NJ","34001","Medium Metro","3","2019","2019",10,263670,3.8,1.8,7.0
,"Atlantic County, NJ","34001","Medium Metro","3","2020","2020",14,262945,5.3,2.9,8.9
,"Atlantic County, NJ","34001","Medium Metro","3","2024 ","2024",10,Not Available,Not Available,Not Available,Not Available
,"Camden County, NJ","34007","Large Fringe Metro","2","2019","2019",10,506471,2.0,0.9,3.6
,"Camden County, NJ","34007","Large Fringe Metro","2","2020","2020",14,506809,2.8,1.5,4.6
,"Camden County, NJ","34007","Large Fringe Metro","2","2021","2021",13,523771,2.5,1.3,4.2
,"Camden County, NJ","34007","Large Fringe Metro","2","2023","2023",10,Not Available,Not Available,Not Available,Not Available
,"Camden County, NJ","34007","Large Fringe Metro","2","2024 ","2024",11,Not Available,Not Available,Not Available,Not Available
,"Essex County, NJ","34013","Large Central Metro","1","2018","2018",12,799767,1.5,0.8,2.6
,"Essex County, NJ","34013","Large Central Metro","1","2019","2019",13,798975,1.6,0.9,2.8
,"Essex County, NJ","34013","Large Central Metro","1","2020","2020",13,800501,1.6,0.9,2.8
,"Essex County, NJ","34013","Large Central Metro","1","2021","2021",16,854917,1.9,1.1,3.0
,"Essex County, NJ","34013","Large Central Metro","1","2022","2022",21,Not Available,Not Available,Not Available,Not Available
,"Essex County, NJ","34013","Large Central Metro","1","2023","2023",15,Not Available,Not Available,Not Available,Not Available
,"Essex County, NJ","34013","Large Central Metro","1","2024 ","2024",13,Not Available,Not Available,Not Available,Not Available
,"Hudson County, NJ","34017","Large Central Metro","1","2023","2023",11,Not Available,Not Available,Not Available,Not Available
,"Middlesex County, NJ","34023","Large Fringe Metro","2","2018","2018",10,829685,1.2,0.6,2.2
,"Middlesex County, NJ","34023","Large Fringe Metro","2","2021","2021",17,860807,2.0,1.2,3.2
,"Middlesex County, NJ","34023","Large Fringe Metro","2","2022","2022",13,Not Available,Not Available,Not Available,Not Available
,"Middlesex County, NJ","34023","Large Fringe Metro","2","2023","2023",10,Not Available,Not Available,Not Available,Not Available
,"Monmouth County, NJ","34025","Large Fringe Metro","2","2018","2018",18,621354,2.9,1.7,4.6
,"Monmouth County, NJ","34025","Large Fringe Metro","2","2019","2019",16,618795,2.6,1.5,4.2
,"Monmouth County, NJ","34025","Large Fringe Metro","2","2020","2020",10,618381,1.6,0.8,3.0
,"Monmouth County, NJ","34025","Large Fringe Metro","2","2021","2021",24,645354,3.7,2.4,5.5
,"Monmouth County, NJ","34025","Large Fringe Metro","2","2024 ","2024",10,Not Available,Not Available,Not Available,Not Available
,"Ocean County, NJ","34029","Large Fringe Metro","2","2018","2018",18,601651,3.0,1.8,4.7
,"Ocean County, NJ","34029","Large Fringe Metro","2","2020","2020",10,614237,1.6,0.8,3.0
,"Union County, NJ","34039","Large Fringe Metro","2","2020","2020",12,555394,2.2,1.1,3.8
,"Bernalillo County, NM","35001","Medium Metro","3","2018","2018",23,678701,3.4,2.1,5.1
,"Bernalillo County, NM","35001","Medium Metro","3","2019","2019",32,679121,4.7,3.2,6.7
,"Bernalillo County, NM","35001","Medium Metro","3","2020","2020",37,681666,5.4,3.8,7.5
,"Bernalillo County, NM","35001","Medium Metro","3","2021","2021",32,674393,4.7,3.2,6.7
,"Bernalillo County, NM","35001","Medium Metro","3","2022","2022",26,Not Available,Not Available,Not Available,Not Available
,"Bernalillo County, NM","35001","Medium Metro","3","2023","2023",30,Not Available,Not Available,Not Available,Not Available
,"Bernalillo County, NM","35001","Medium Metro","3","2024 ","2024",38,Not Available,Not Available,Not Available,Not Available
,"Santa Fe County, NM","35049","Small Metro","4","2021","2021",10,155201,6.4,3.1,11.8
,"Bronx County, NY","36005","Large Central Metro","1","2018","2018",58,1432132,4.0,3.1,5.2
,"Bronx County, NY","36005","Large Central Metro","1","2019","2019",69,1418207,4.9,3.8,6.2
,"Bronx County, NY","36005","Large Central Metro","1","2020","2020",104,1401142,7.4,6.0,8.8
,"Bronx County, NY","36005","Large Central Metro","1","2021","2021",134,1424948,9.4,7.8,11.0
,"Bronx County, NY","36005","Large Central Metro","1","2022","2022",120,Not Available,Not Available,Not Available,Not Available
,"Bronx County, NY","36005","Large Central Metro","1","2023","2023",124,Not Available,Not Available,Not Available,Not Available
,"Bronx County, NY","36005","Large Central Metro","1","2024 ","2024",93,Not Available,Not Available,Not Available,Not Available
,"Erie County, NY","36029","Large Central Metro","1","2019","2019",19,918702,2.1,1.2,3.2
,"Erie County, NY","36029","Large Central Metro","1","2020","2020",28,917241,3.1,2.0,4.4
,"Erie County, NY","36029","Large Central Metro","1","2021","2021",28,950683,2.9,2.0,4.3
,"Erie County, NY","36029","Large Central Metro","1","2022","2022",18,Not Available,Not Available,Not Available,Not Available
,"Erie County, NY","36029","Large Central Metro","1","2023","2023",22,Not Available,Not Available,Not Available,Not Available
,"Erie County, NY","36029","Large Central Metro","1","2024 ","2024",24,Not Available,Not Available,Not Available,Not Available
,"Kings County, NY","36047","Large Central Metro","1","2018","2018",44,2582830,1.7,1.2,2.3
,"Kings County, NY","36047","Large Central Metro","1","2019","2019",38,2559903,1.5,1.1,2.0
,"Kings County, NY","36047","Large Central Metro","1","2020","2020",70,2538934,2.8,2.1,3.5
,"Kings County, NY","36047","Large Central Metro","1","2021","2021",69,2641052,2.6,2.0,3.3
,"Kings County, NY","36047","Large Central Metro","1","2022","2022",101,Not Available,Not Available,Not Available,Not Available
,"Kings County, NY","36047","Large Central Metro","1","2023","2023",85,Not Available,Not Available,Not Available,Not Available
,"Kings County, NY","36047","Large Central Metro","1","2024 ","2024",58,Not Available,Not Available,Not Available,Not Available
,"Monroe County, NY","36055","Large Central Metro","1","2018","2018",10,742474,1.3,0.6,2.5
,"Monroe County, NY","36055","Large Central Metro","1","2020","2020",17,740900,2.3,1.3,3.7
,"Monroe County, NY","36055","Large Central Metro","1","2024 ","2024",12,Not Available,Not Available,Not Available,Not Available
,"Nassau County, NY","36059","Large Fringe Metro","2","2019","2019",24,1356924,1.8,1.1,2.6
,"Nassau County, NY","36059","Large Fringe Metro","2","2020","2020",14,1351334,1.0,0.6,1.7
,"Nassau County, NY","36059","Large Fringe Metro","2","2021","2021",14,1390907,1.0,0.6,1.7
,"Nassau County, NY","36059","Large Fringe Metro","2","2022","2022",12,Not Available,Not Available,Not Available,Not Available
,"Nassau County, NY","36059","Large Fringe Metro","2","2023","2023",13,Not Available,Not Available,Not Available,Not Available
,"Nassau County, NY","36059","Large Fringe Metro","2","2024 ","2024",16,Not Available,Not Available,Not Available,Not Available
,"New York County, NY","36061","Large Central Metro","1","2018","2018",29,1628701,1.8,1.2,2.6
,"New York County, NY","36061","Large Central Metro","1","2019","2019",35,1628706,2.1,1.5,3.0
,"New York County, NY","36061","Large Central Metro","1","2020","2020",44,1611989,2.7,2.0,3.7
,"New York County, NY","36061","Large Central Metro","1","2021","2021",59,1576876,3.7,2.8,4.8
,"New York County, NY","36061","Large Central Metro","1","2022","2022",43,Not Available,Not Available,Not Available,Not Available
,"New York County, NY","36061","Large Central Metro","1","2023","2023",59,Not Available,Not Available,Not Available,Not Available
,"New York County, NY","36061","Large Central Metro","1","2024 ","2024",35,Not Available,Not Available,Not Available,Not Available
,"Onondaga County, NY","36067","Medium Metro","3","2020","2020",10,459214,2.2,1.0,4.0
,"Queens County, NY","36081","Large Central Metro","1","2018","2018",20,2278906,0.9,0.5,1.4
,"Queens County, NY","36081","Large Central Metro","1","2019","2019",16,2253858,0.7,0.4,1.2
,"Queens County, NY","36081","Large Central Metro","1","2020","2020",34,2225821,1.5,1.1,2.1
,"Queens County, NY","36081","Large Central Metro","1","2021","2021",31,2331143,1.3,0.9,1.9
,"Queens County, NY","36081","Large Central Metro","1","2022","2022",33,Not Available,Not Available,Not Available,Not Available
,"Queens County, NY","36081","Large Central Metro","1","2023","2023",37,Not Available,Not Available,Not Available,Not Available
,"Queens County, NY","36081","Large Central Metro","1","2024 ","2024",25,Not Available,Not Available,Not Available,Not Available
,"Richmond County, NY","36085","Large Central Metro","1","2020","2020",13,475327,2.7,1.5,4.7
,"Richmond County, NY","36085","Large Central Metro","1","2021","2021",19,493494,3.9,2.3,6.0
,"Richmond County, NY","36085","Large Central Metro","1","2022","2022",11,Not Available,Not Available,Not Available,Not Available
,"Richmond County, NY","36085","Large Central Metro","1","2023","2023",22,Not Available,Not Available,Not Available,Not Available
,"Suffolk County, NY","36103","Large Fringe Metro","2","2018","2018",13,1481093,0.9,0.5,1.5
,"Suffolk County, NY","36103","Large Fringe Metro","2","2019","2019",13,1476601,0.9,0.5,1.5
,"Suffolk County, NY","36103","Large Fringe Metro","2","2020","2020",18,1474273,1.2,0.7,1.9
,"Suffolk County, NY","36103","Large Fringe Metro","2","2021","2021",29,1526344,1.9,1.3,2.7
,"Suffolk County, NY","36103","Large Fringe Metro","2","2022","2022",31,Not Available,Not Available,Not Available,Not Available
,"Suffolk County, NY","36103","Large Fringe Metro","2","2023","2023",21,Not Available,Not Available,Not Available,Not Available
,"Suffolk County, NY","36103","Large Fringe Metro","2","2024 ","2024",25,Not Available,Not Available,Not Available,Not Available
,"Westchester County, NY","36119","Large Fringe Metro","2","2018","2018",10,967612,1.0,0.5,1.9
,"Westchester County, NY","36119","Large Fringe Metro","2","2020","2020",10,965802,1.0,0.5,1.9
,"Westchester County, NY","36119","Large Fringe Metro","2","2021","2021",13,997895,1.3,0.7,2.2
,"Westchester County, NY","36119","Large Fringe Metro","2","2022","2022",14,Not Available,Not Available,Not Available,Not Available
,"Cuyahoga County, OH","39035","Large Central Metro","1","2021","2021",10,1249387,0.8,0.4,1.5
,"Cuyahoga County, OH","39035","Large Central Metro","1","2023","2023",12,Not Available,Not Available,Not Available,Not Available
,"Franklin County, OH","39049","Large Central Metro","1","2018","2018",13,1310300,1.0,0.5,1.7
,"Franklin County, OH","39049","Large Central Metro","1","2019","2019",13,1316756,1.0,0.5,1.7
,"Franklin County, OH","39049","Large Central Metro","1","2020","2020",13,1324624,1.0,0.5,1.7
,"Franklin County, OH","39049","Large Central Metro","1","2021","2021",20,1321414,1.5,0.9,2.3
,"Franklin County, OH","39049","Large Central Metro","1","2022","2022",22,Not Available,Not Available,Not Available,Not Available
,"Franklin County, OH","39049","Large Central Metro","1","2023","2023",19,Not Available,Not Available,Not Available,Not Available
,"Franklin County, OH","39049","Large Central Metro","1","2024 ","2024",19,Not Available,Not Available,Not Available,Not Available
,"Hamilton County, OH","39061","Large Central Metro","1","2020","2020",12,817985,1.5,0.8,2.6
,"Hamilton County, OH","39061","Large Central Metro","1","2021","2021",12,826139,1.5,0.8,2.5
,"Hamilton County, OH","39061","Large Central Metro","1","2022","2022",12,Not Available,Not Available,Not Available,Not Available
,"Hamilton County, OH","39061","Large Central Metro","1","2023","2023",10,Not Available,Not Available,Not Available,Not Available
,"Hamilton County, OH","39061","Large Central Metro","1","2024 ","2024",14,Not Available,Not Available,Not Available,Not Available
,"Montgomery County, OH","39113","Medium Metro","3","2019","2019",11,531687,2.1,1.0,3.7
,"Montgomery County, OH","39113","Medium Metro","3","2021","2021",10,535840,1.9,0.9,3.4
,"Tulsa County, OK","40143","Large Central Metro","1","2020","2020",10,657589,1.5,0.7,2.8
,"Tulsa County, OK","40143","Large Central Metro","1","2024 ","2024",10,Not Available,Not Available,Not Available,Not Available
,"Multnomah County, OR","41051","Large Central Metro","1","2018","2018",17,811880,2.1,1.2,3.4
,"Multnomah County, OR","41051","Large Central Metro","1","2019","2019",16,812855,2.0,1.1,3.2
,"Multnomah County, OR","41051","Large Central Metro","1","2020","2020",22,815637,2.7,1.7,4.1
,"Multnomah County, OR","41051","Large Central Metro","1","2021","2021",20,803377,2.5,1.5,3.8
,"Multnomah County, OR","41051","Large Central Metro","1","2022","2022",12,Not Available,Not Available,Not Available,Not Available
,"Multnomah County, OR","41051","Large Central Metro","1","2023","2023",13,Not Available,Not Available,Not Available,Not Available
,"Multnomah County, OR","41051","Large Central Metro","1","2024 ","2024",30,Not Available,Not Available,Not Available,Not Available
,"Allegheny County, PA","42003","Large Central Metro","1","2018","2018",25,1218452,2.1,1.3,3.0
,"Allegheny County, PA","42003","Large Central Metro","1","2019","2019",31,1216045,2.5,1.7,3.6
,"Allegheny County, PA","42003","Large Central Metro","1","2020","2020",27,1211358,2.2,1.5,3.2
,"Allegheny County, PA","42003","Large Central Metro","1","2021","2021",37,1238090,3.0,2.1,4.1
,"Allegheny County, PA","42003","Large Central Metro","1","2022","2022",35,Not Available,Not Available,Not Available,Not Available
,"Allegheny County, PA","42003","Large Central Metro","1","2023","2023",45,Not Available,Not Available,Not Available,Not Available
,"Allegheny County, PA","42003","Large Central Metro","1","2024 ","2024",28,Not Available,Not Available,Not Available,Not Available
,"Bucks County, PA","42017","Large Fringe Metro","2","2021","2021",11,646098,1.7,0.8,3.0
,"Lawrence County, PA","42073","Large Fringe Metro","2","2023","2023",10,Not Available,Not Available,Not Available,Not Available
,"Montgomery County, PA","42091","Large Fringe Metro","2","2019","2019",10,830915,1.2,0.6,2.2
,"Philadelphia County, PA","42101","Large Central Metro","1","2018","2018",47,1584138,3.0,2.2,3.9
,"Philadelphia County, PA","42101","Large Central Metro","1","2019","2019",40,1584064,2.5,1.8,3.4
,"Philadelphia County, PA","42101","Large Central Metro","1","2020","2020",44,1578487,2.8,2.0,3.7
,"Philadelphia County, PA","42101","Large Central Metro","1","2021","2021",51,1576251,3.2,2.4,4.3
,"Philadelphia County, PA","42101","Large Central Metro","1","2022","2022",37,Not Available,Not Available,Not Available,Not Available
,"Philadelphia County, PA","42101","Large Central Metro","1","2023","2023",47,Not Available,Not Available,Not Available,Not Available
,"Philadelphia County, PA","42101","Large Central Metro","1","2024 ","2024",61,Not Available,Not Available,Not Available,Not Available
,"Providence County, RI","44007","Large Central Metro","1","2018","2018",19,636084,3.0,1.8,4.7
,"Providence County, RI","44007","Large Central Metro","1","2019","2019",15,638931,2.3,1.3,3.9
,"Providence County, RI","44007","Large Central Metro","1","2020","2020",33,636547,5.2,3.6,7.3
,"Providence County, RI","44007","Large Central Metro","1","2021","2021",30,658221,4.6,3.1,6.5
,"Providence County, RI","44007","Large Central Metro","1","2022","2022",21,Not Available,Not Available,Not Available,Not Available
,"Providence County, RI","44007","Large Central Metro","1","2023","2023",25,Not Available,Not Available,Not Available,Not Available
,"Providence County, RI","44007","Large Central Metro","1","2024 ","2024",24,Not Available,Not Available,Not Available,Not Available
,"Hamilton County, TN","47065","Medium Metro","3","2019","2019",11,367804,3.0,1.5,5.4
,"Knox County, TN","47093","Medium Metro","3","2018","2018",15,465289,3.2,1.8,5.3
,"Knox County, TN","47093","Medium Metro","3","2020","2020",11,475609,2.3,1.2,4.1
,"Knox County, TN","47093","Medium Metro","3","2021","2021",11,486677,2.3,1.1,4.0
,"Knox County, TN","47093","Medium Metro","3","2022","2022",14,Not Available,Not Available,Not Available,Not Available
,"Knox County, TN","47093","Medium Metro","3","2023","2023",12,Not Available,Not Available,Not Available,Not Available
,"Knox County, TN","47093","Medium Metro","3","2024 ","2024",10,Not Available,Not Available,Not Available,Not Available
,"Shelby County, TN","47157","Large Central Metro","1","2021","2021",16,924454,1.7,1.0,2.8
,"Bexar County, TX","48029","Large Central Metro","1","2018","2018",14,1986049,0.7,0.4,1.2
,"Bexar County, TX","48029","Large Central Metro","1","2019","2019",11,2003554,0.5,0.3,1.0
,"Bexar County, TX","48029","Large Central Metro","1","2020","2020",19,2026823,0.9,0.6,1.5
,"Bexar County, TX","48029","Large Central Metro","1","2021","2021",11,2028236,0.5,0.3,1.0
,"Bexar County, TX","48029","Large Central Metro","1","2022","2022",16,Not Available,Not Available,Not Available,Not Available
,"Bexar County, TX","48029","Large Central Metro","1","2023","2023",15,Not Available,Not Available,Not Available,Not Available
,"Bexar County, TX","48029","Large Central Metro","1","2024 ","2024",12,Not Available,Not Available,Not Available,Not Available
,"Dallas County, TX","48113","Large Central Metro","1","2021","2021",14,2586050,0.5,0.3,0.9
,"Harris County, TX","48201","Large Central Metro","1","2018","2018",18,4698619,0.4,0.2,0.6
,"Harris County, TX","48201","Large Central Metro","1","2019","2019",18,4713325,0.4,0.2,0.6
,"Harris County, TX","48201","Large Central Metro","1","2020","2020",23,4738253,0.5,0.3,0.7
,"Harris County, TX","48201","Large Central Metro","1","2021","2021",28,4728030,0.6,0.4,0.9
,"Harris County, TX","48201","Large Central Metro","1","2022","2022",19,Not Available,Not Available,Not Available,Not Available
,"Harris County, TX","48201","Large Central Metro","1","2023","2023",15,Not Available,Not Available,Not Available,Not Available
,"Harris County, TX","48201","Large Central Metro","1","2024 ","2024",20,Not Available,Not Available,Not Available,Not Available
,"Tarrant County, TX","48439","Large Central Metro","1","2020","2020",10,2123347,0.5,0.2,0.9
,"Tarrant County, TX","48439","Large Central Metro","1","2022","2022",13,Not Available,Not Available,Not Available,Not Available
,"Tarrant County, TX","48439","Large Central Metro","1","2023","2023",16,Not Available,Not Available,Not Available,Not Available
,"Travis County, TX","48453","Large Central Metro","1","2019","2019",10,1273954,0.8,0.4,1.4
,"Travis County, TX","48453","Large Central Metro","1","2022","2022",15,Not Available,Not Available,Not Available,Not Available
,"Salt Lake County, UT","49035","Large Central Metro","1","2018","2018",22,1152633,1.9,1.2,2.9
,"Salt Lake County, UT","49035","Large Central Metro","1","2021","2021",19,1186421,1.6,1.0,2.5
,"Salt Lake County, UT","49035","Large Central Metro","1","2024 ","2024",15,Not Available,Not Available,Not Available,Not Available
,"Henrico County, VA","51087","Large Fringe Metro","2","2021","2021",12,333554,3.6,1.9,6.3
,"King County, WA","53033","Large Central Metro","1","2018","2018",40,2233163,1.8,1.3,2.4
,"King County, WA","53033","Large Central Metro","1","2019","2019",38,2252782,1.7,1.2,2.3
,"King County, WA","53033","Large Central Metro","1","2020","2020",50,2274315,2.2,1.6,2.9
,"King County, WA","53033","Large Central Metro","1","2021","2021",49,2252305,2.2,1.6,2.9
,"King County, WA","53033","Large Central Metro","1","2022","2022",43,Not Available,Not Available,Not Available,Not Available
,"King County, WA","53033","Large Central Metro","1","2023","2023",68,Not Available,Not Available,Not Available,Not Available
,"King County, WA","53033","Large Central Metro","1","2024 ","2024",55,Not Available,Not Available,Not Available,Not Available
,"Pierce County, WA","53053","Large Fringe Metro","2","2018","2018",14,891299,1.6,0.9,2.6
,"Pierce County, WA","53053","Large Fringe Metro","2","2020","2020",12,913890,1.3,0.7,2.3
,"Pierce County, WA","53053","Large Fringe Metro","2","2021","2021",17,925708,1.8,1.1,2.9
,"Pierce County, WA","53053","Large Fringe Metro","2","2023","2023",18,Not Available,Not Available,Not Available,Not Available
,"Pierce County, WA","53053","Large Fringe Metro","2","2024 ","2024",14,Not Available,Not Available,Not Available,Not Available
,"Snohomish County, WA","53061","Large Fringe Metro","2","2018","2018",18,814901,2.2,1.3,3.5
,"Snohomish County, WA","53061","Large Fringe Metro","2","2019","2019",13,822083,1.6,0.8,2.7
,"Snohomish County, WA","53061","Large Fringe Metro","2","2020","2020",16,830393,1.9,1.1,3.1
,"Snohomish County, WA","53061","Large Fringe Metro","2","2021","2021",14,833540,1.7,0.9,2.8
,"Snohomish County, WA","53061","Large Fringe Metro","2","2022","2022",12,Not Available,Not Available,Not Available,Not Available
,"Snohomish County, WA","53061","Large Fringe Metro","2","2024 ","2024",18,Not Available,Not Available,Not Available,Not Available
,"Spokane County, WA","53063","Medium Metro","3","2023","2023",12,Not Available,Not Available,Not Available,Not Available
,"Spokane County, WA","53063","Medium Metro","3","2024 ","2024",17,Not Available,Not Available,Not Available,Not Available
,"Berkeley County, WV","54003","Medium Metro","3","2020","2020",10,122125,8.2,3.9,15.1
,"Cabell County, WV","54011","Medium Metro","3","2024 ","2024",13,Not Available,Not Available,Not Available,Not Available
,"Dane County, WI","55025","Medium Metro","3","2020","2020",11,552536,2.0,1.0,3.6
,"Dane County, WI","55025","Medium Metro","3","2021","2021",11,563951,2.0,1.0,3.5
,"Milwaukee County, WI","55079","Large Central Metro","1","2018","2018",13,948201,1.4,0.7,2.3
,"Milwaukee County, WI","55079","Large Central Metro","1","2019","2019",11,945726,1.2,0.6,2.1
,"Milwaukee County, WI","55079","Large Central Metro","1","2020","2020",26,945016,2.8,1.8,4.0
,"Milwaukee County, WI","55079","Large Central Metro","1","2021","2021",28,928059,3.0,2.0,4.4
,"Milwaukee County, WI","55079","Large Central Metro","1","2022","2022",26,Not Available,Not Available,Not Available,Not Available
,"Milwaukee County, WI","55079","Large Central Metro","1","2023","2023",14,Not Available,Not Available,Not Available,Not Available
,"Milwaukee County, WI","55079","Large Central Metro","1","2024 ","2024",15,Not Available,Not Available,Not Available,Not Available
"---"
"Dataset: Multiple Cause of Death, 2018-2024, Single Race"
"Query Parameters:"
"MCD - ICD-10 Codes: T40.3 (Methadone)"
"UCD - ICD-10 Codes: X40 (Accidental poisoning by and exposure to nonopioid analgesics, antipyretics and antirheumatics); X41"
"(Accidental poisoning by and exposure to antiepileptic, sedative-hypnotic, antiparkinsonism and psychotropic drugs, not"
"elsewhere classified); X42 (Accidental poisoning by and exposure to narcotics and psychodysleptics [hallucinogens], not"
"elsewhere classified); X43 (Accidental poisoning by and exposure to other drugs acting on the autonomic nervous system); X44"
"(Accidental poisoning by and exposure to other and unspecified drugs, medicaments and biological substances); X60 (Intentional"
"self-poisoning by and exposure to nonopioid analgesics, antipyretics and antirheumatics); X61 (Intentional self-poisoning by and"
"exposure to antiepileptic, sedative-hypnotic, antiparkinsonism and psychotropic drugs, not elsewhere classified); X62"
"(Intentional self-poisoning by and exposure to narcotics and psychodysleptics [hallucinogens], not elsewhere classified); X63"
"(Intentional self-poisoning by and exposure to other drugs acting on the autonomic nervous system); X64 (Intentional"
"self-poisoning by and exposure to other and unspecified drugs, medicaments and biological substances); Y10 (Poisoning by and"
"exposure to nonopioid analgesics, antipyretics and antirheumatics, undetermined intent); Y11 (Poisoning by and exposure to"
"antiepileptic, sedative-hypnotic, antiparkinsonism and psychotropic drugs, not elsewhere classified, undetermined intent); Y12"
"(Poisoning by and exposure to narcotics and psychodysleptics [hallucinogens], not elsewhere classified, undetermined intent);"
"Y13 (Poisoning by and exposure to other drugs acting on the autonomic nervous system, undetermined intent); Y14 (Poisoning by"
"and exposure to other and unspecified drugs, medicaments and biological substances, undetermined intent)"
"Group By: County; 2023 Urbanization; Year"
"Show Totals: Disabled"
"Show Zero Values: False"
"Show Suppressed: False"
"Calculate Rates Per: 100,000"
"Rate Options: Default intercensal populations for years 2001-2009 (except Infant Age Groups)"
"---"
"Help: See http://wonder.cdc.gov/wonder/help/mcd-expanded.html for more information."
"---"
"Query Date: Feb 18, 2026 11:50:23 PM"
"---"
"Suggested Citation: Centers for Disease Control and Prevention, National Center for Health Statistics. National Vital Statistics"
"System, Mortality 2018-2024 on CDC WONDER Online Database, released in 2026. Data are from the Multiple Cause of Death Files,"
"2018-2024, as compiled from data provided by the 57 vital statistics jurisdictions through the Vital Statistics Cooperative"
"Program. Accessed at http://wonder.cdc.gov/mcd-icd10-expanded.html on Feb 18, 2026 11:50:23 PM"
"---"
Messages:
"1. Selections made to any variable in [States, 2023 Urbanization] cause equivalent selections in the other variables. More"
"Information: http://wonder.cdc.gov/wonder/help/faq.html#related-variables."
"2. Totals are not available for these results due to suppression constraints. More Information:"
"http://wonder.cdc.gov/wonder/help/faq.html#Privacy."
"3. Rows with zero Deaths are hidden. Use Quick Options above to show zero rows."
"4. Rows with suppressed Deaths are hidden. Use Quick Options above to show suppressed rows."
"---"
Caveats:
"1. Deaths and population estimates are shown separately from the adjacent counties for Carson City, Nevada (FIPS code 32510)."
"2. Deaths and population estimates are reported separately for Baltimore City (FIPS code 24510) and Baltimore county (FIPS code"
"24005)."
"3. Deaths and population estimates are reported separately for St. Louis City (FIPS code 29510) and county (FIPS code 29189)."
"4. Data are Suppressed when the data meet the criteria for confidentiality constraints. More information:"
"http://wonder.cdc.gov/wonder/help/mcd-expanded.html#Assurance of Confidentiality."
"5. The method used to calculate 95% confidence intervals is documented here: More information:"
"http://wonder.cdc.gov/wonder/help/mcd-expanded.html#Confidence-Intervals."
"6. The population figures for year 2024 are single-race estimates of the July 1 resident population, from the Vintage 2024"
"postcensal series released by the Census Bureau on June 27, 2024. The 2024 series is based on the Modified Blended Base produced"
"by the US Census Bureau in lieu of the April 1, 2020 decennial population count. The Modified Blended Base consists of the blend"
"of Vintage 2020 postcensal population estimates for April 1, 2020, 2020 Demographic Analysis Estimates, and 2020 Census data"
"from the internal Census Edited File (CEF). The population figures for year 2023 are single-race estimates of the July 1"
"resident population, from the Vintage 2023 postcensal series released by the Census Bureau on June 27, 2024. The 2023 series is"
"based on the Modified Blended Base produced by the US Census Bureau in lieu of the April 1, 2020 decennial population count. The"
"Modified Blended Base consists of the blend of Vintage 2020 postcensal population estimates for April 1, 2020, 2020 Demographic"
"Analysis Estimates, and 2020 Census data from the internal Census Edited File (CEF). The population figures for years 2022 are"
"single-race estimates of the July 1 resident population, from the Vintage 2022 postcensal series released by the Census Bureau"
"on June 22, 2023. The 2022 series is based on the Modified Blended Base produced by the US Census Bureau in lieu of the April 1,"
"2020 decennial population count. The Modified Blended Base consists of the blend of Vintage 2020 postcensal population estimates"
"for April 1, 2020, 2020 Demographic Analysis Estimates, and 2020 Census data from the internal Census Edited File (CEF). The"
"population figures for year 2021 are single-race estimates of the July 1 resident population, based on the Blended Base produced"
"by the US Census Bureau in lieu of the April 1, 2020 decennial population count, from the Vintage 2021 postcensal series"
"released by the Census Bureau on June 30, 2022. The population figures for year 2020 are single-race estimates of the July 1"
"resident population, from the Vintage 2020 postcensal series based on April 2010 Census, released by the Census Bureau on July"
"27, 2021. The population figures for year 2019 are single-race estimates of the July 1 resident population, from the Vintage"
"2019 postcensal series based on April 2010 Census, released by the Census Bureau on June 25, 2020. The population figures for"
"year 2018 are single-race estimates of the July 1 resident population, from the Vintage 2018 postcensal series based on April"
"2010 Census, released by the Census Bureau on June 20, 2019. More information:"
"http://wonder.cdc.gov/wonder/help/mcd-expanded.html#Population Data."
"7. The population figures used in the calculation of death rates for the age group 'under 1 year' are the estimates of the"
"resident population that is under one year of age. More information: http://wonder.cdc.gov/wonder/help/mcd-expanded.html#Age"
"Group."
"8. Connecticut population estimates for 2022 and later years are reported for 9 planning regions as county equivalent areas,"
"instead of the former 8 legacy counties in the Vintage 2022 postcensal series released by the Census Bureau on June 22, 2023,"
"and in the Vintage 2023 postcensal series released by the Census Bureau on June 27, 2024. Populations estimates for the former"
"counties are not available for 2022 and later years. More information:"
"http://wonder.cdc.gov/wonder/help/mcd-expanded.html#Connecticut-2022."
"9. After the creation of the final 2023 dataset, North Carolina updated the cause of death information for over 900 death"
"certificates to include a cause of death code indicating drug overdose (ICD-10 underlying cause-of-death codes: X40-X44,"
"X60-X64, X85, and Y10-Y14). Jurisdictions can continue to update death certificates after the closing of the mortality file. As"
"a result, users should consider that the actual death count for drug overdose deaths for North Carolina in 2023 is over 4,400"
"deaths, with a crude rate of approximately 41.0 per 100,000 population, and an age-adjusted rate of approximately 42.1 per"
"100,000 population. These deaths will not be updated on the final mortality datasets."
"10. Changes to cause of death classification affect reporting trends. More information:"
"http://wonder.cdc.gov/wonder/help/mcd-expanded.html#ICD-10 Changes."